year,mendota_days,monona_days
1855,118,118
1856,151,151
1857,121,119
1858,96,94
1859,110,111
1860,117,129
1861,132,133
1862,104,119
1863,125,131
1864,118,117
1865,125,125
1866,123,128
1867,110,108
1868,127,126
1869,131,138
1870,99,100
1871,126,142
1872,144,141
1873,136,136
1874,126,123
1875,91,91
1876,130,132
1877,62,62
1878,112,115
1879,99,93
1880,161,160
1881,78,77
1882,124,127
1883,119,120
1884,124,121
1885,128,131
1886,131,131
1887,113,137
1888,88,87
1889,75,74
1890,111,113
1891,97,96
1892,112,117
1893,101,99
1894,101,104
1895,91,119
1896,110,123
1897,100,101
1898,130,129
1899,111,112
1900,107,118
1901,105,103
1902,89,85
1903,126,140
1904,108,111
1905,97,115
1906,94,106
1907,83,106
1908,106,118
1909,98,96
1910,101,103
1911,108,113
1912,99,104
1913,88,83
1914,115,115
1915,102,111
1916,116,116
1917,115,116
1918,82,83
1919,110,116
1920,81,85
1921,96,96
1922,125,127
1923,104,103
1924,105,103
1925,124,126
1926,103,102
1927,106,108
1928,96,96
1929,107,104
1930,98,98
1931,65,60
1932,115,107
1933,91,103
1934,94,98
1935,101,107
1936,121,123
1937,105,111
1938,97,102
1939,105,102
1940,96,127
1941,82,85
1942,116,114
1943,114,101
1944,92,89
1945,98,99
1946,101,108
1947,104,108
1948,96,92
1949,109,113
1950,122,118
1951,114,112
1952,81,93
1953,85,72
1954,92,83
1955,114,109
1956,111,92
1957,95,109
1958,126,125
1959,105,101
1960,108,98
1961,117,113
1962,112,112
1963,113,92
1964,120,114
1965,65,65
1966,98,88
1967,91,87
1968,108,101
1969,113,92
1970,110,93
1971,105,95
1972,97,90
1973,105,94
1974,107,95
1975,88,90
1976,115,103
1977,123,121
1978,118,117
1979,99,104
1980,93,86
1981,96,100
1982,54,56
1983,111,107
1984,85,92
1985,107,113
1986,89,85
1987,87,91
1988,97,93
1989,93,98
1990,88,88
1991,99,91
1992,108,108
1993,94,95
1994,74,74
1995,119,107
1996,102,96
1997,47,49
1998,82,70
1999,53,52
2000,115,108
2001,21,56
2002,89,83
2003,80,77
2004,101,97
2005,95,94
2006,66,67
2007,106,122
2008,97,104
2009,87,88
2010,109,112
2011,57,69
2012,87,101
2013,117,121
2014,91,105
2015,62,62
2016,65,81
2017,94,93
2018,86,97
